,num_tokens,num_sentences
0,11,1
1,10,1
2,7,1
3,10,1
4,13,1
5,0,0
6,9,1
7,10,1
8,0,0
9,12,1
10,20,1
11,7,1
12,7,1
13,10,1
14,11,1
15,9,1
16,6,1
17,10,1
18,13,1
19,10,1
20,11,1
21,10,1
22,5,1
23,13,2
24,11,1
25,0,0
26,7,1
27,9,1
28,0,0
29,13,2
30,44,2
31,20,1
32,25,1
33,10,1
34,43,2
35,22,3
36,33,2
37,36,3
38,0,0
39,31,2
40,15,1
41,9,1
42,18,1
43,13,1
44,15,1
45,0,0
46,11,1
47,13,1
48,0,0
49,13,1
50,50,3
51,18,1
52,33,2
53,20,2
54,41,2
55,19,1
56,31,2
57,35,4
58,0,0
59,29,2
60,17,1
61,9,1
62,18,1
63,13,1
64,15,1
65,0,0
66,11,1
67,13,1
68,0,0
69,16,1
70,37,3
71,12,1
72,17,1
73,17,1
74,23,2
75,10,1
76,18,1
77,17,2
78,0,0
79,15,1
80,71,2
81,18,1
82,26,1
83,7,1
84,26,2
85,12,1
86,23,1
87,27,2
88,0,0
89,26,4
90,13,1
91,13,1
92,13,1
93,13,1
94,18,1
95,13,1
96,17,1
97,15,1
98,18,1
99,16,1
100,20,1
101,10,1
102,17,1
103,30,3
104,34,3
105,0,0
106,15,1
107,32,2
108,0,0
109,27,3
110,80,5
111,14,1
112,26,1
113,55,6
114,37,3
115,0,0
116,29,1
117,54,4
118,0,0
119,49,6
120,54,2
121,11,1
122,26,1
123,37,4
124,34,2
125,8,1
126,17,1
127,41,3
128,0,0
129,39,3
130,47,3
131,14,1
132,28,2
133,42,5
134,27,2
135,0,0
136,19,1
137,44,3
138,0,0
139,38,4
140,60,4
141,10,1
142,18,1
143,30,3
144,23,2
145,0,0
146,15,1
147,26,1
148,0,0
149,26,3
150,19,1
151,9,1
152,13,1
153,19,2
154,21,2
155,0,0
156,8,1
157,24,1
158,0,0
159,21,2
160,18,1
161,17,1
162,17,1
163,16,1
164,15,1
165,15,1
166,13,1
167,16,1
168,0,0
169,17,1
170,24,1
171,26,1
172,20,1
173,19,1
174,19,1
175,25,2
176,12,1
177,23,1
178,0,0
179,21,1
180,20,1
181,19,1
182,20,1
183,18,1
184,20,1
185,16,1
186,16,1
187,18,1
188,22,1
189,17,1
190,18,1
191,11,1
192,14,1
193,16,2
194,17,1
195,20,2
196,19,1
197,19,1
198,0,0
199,17,1
200,13,1
201,11,1
202,11,1
203,8,1
204,12,1
205,11,1
206,9,1
207,12,1
208,13,1
209,13,1
210,21,1
211,18,1
212,25,1
213,19,1
214,21,1
215,29,3
216,22,1
217,21,2
218,0,0
219,19,1
220,15,1
221,16,1
222,14,1
223,15,1
224,21,1
225,11,1
226,14,2
227,20,2
228,20,1
229,18,3
230,16,1
231,18,1
232,15,1
233,16,1
234,15,1
235,14,2
236,13,1
237,15,1
238,0,0
239,15,1
240,25,1
241,18,1
242,19,1
243,18,1
244,21,2
245,19,1
246,17,1
247,27,2
248,0,0
249,29,3
250,35,3
251,39,1
252,34,2
253,36,2
254,35,1
255,29,3
256,37,4
257,34,4
258,0,0
259,32,2
260,11,1
261,10,1
262,9,1
263,12,1
264,12,1
265,8,1
266,5,1
267,9,1
268,14,1
269,14,1
270,37,2
271,42,2
272,34,1
273,33,2
274,31,2
275,41,4
276,40,4
277,41,3
278,0,0
279,49,3
280,16,1
281,14,1
282,14,1
283,14,1
284,21,2
285,13,1
286,12,1
287,18,1
288,0,0
289,16,1
290,54,3
291,35,2
292,23,2
293,29,1
294,37,2
295,35,2
296,38,3
297,34,2
298,0,0
299,35,2
300,16,1
301,30,2
302,17,1
303,29,1
304,25,1
305,18,2
306,23,1
307,25,2
308,0,0
309,31,2
310,28,1
311,13,1
312,14,1
313,12,1
314,15,1
315,11,2
316,11,1
317,11,1
318,0,0
319,13,1
320,79,3
321,14,1
322,20,1
323,42,3
324,25,1
325,0,0
326,24,1
327,39,3
328,0,0
329,37,3
330,20,1
331,19,1
332,16,1
333,20,1
334,20,1
335,22,1
336,21,2
337,21,2
338,0,0
339,23,2
340,28,2
341,32,3
342,24,1
343,32,3
344,36,3
345,23,1
346,34,2
347,35,2
348,0,0
349,27,2
350,18,1
351,17,1
352,13,1
353,15,1
354,17,1
355,17,2
356,18,2
357,18,1
358,0,0
359,18,1
360,28,2
361,26,1
362,16,1
363,27,1
364,27,1
365,16,1
366,23,1
367,21,1
368,28,2
369,25,3
370,24,2
371,26,1
372,21,1
373,34,2
374,33,1
375,23,1
376,31,2
377,26,1
378,33,1
379,28,1
380,27,1
381,25,1
382,26,1
383,22,1
384,23,2
385,28,2
386,32,3
387,44,2
388,0,0
389,33,1
390,14,1
391,14,1
392,14,1
393,14,1
394,15,1
395,12,1
396,16,2
397,18,1
398,18,1
399,22,1
400,15,1
401,13,1
402,13,1
403,13,1
404,14,1
405,11,1
406,15,1
407,17,1
408,17,1
409,20,1
410,29,1
411,23,1
412,26,1
413,21,1
414,29,1
415,24,1
416,31,1
417,36,2
418,0,0
419,40,2
420,22,1
421,16,1
422,22,1
423,21,1
424,23,1
425,19,1
426,21,3
427,21,1
428,0,0
429,23,1
430,43,2
431,13,1
432,17,1
433,8,1
434,17,1
435,20,1
436,20,1
437,17,1
438,0,0
439,23,2
440,23,1
441,8,1
442,13,1
443,14,1
444,17,1
445,18,2
446,14,1
447,21,1
448,0,0
449,16,1
450,76,3
451,33,2
452,27,1
453,24,1
454,39,2
455,29,3
456,39,1
457,37,3
458,0,0
459,34,2
460,76,5
461,15,1
462,33,1
463,24,1
464,33,2
465,18,2
466,32,1
467,33,3
468,0,0
469,38,2
470,25,1
471,12,1
472,15,1
473,15,1
474,14,1
475,16,1
476,16,2
477,17,1
478,0,0
479,20,1
480,11,1
481,7,1
482,9,1
483,9,1
484,8,1
485,8,1
486,7,1
487,9,1
488,15,1
489,12,1
490,16,1
491,17,1
492,16,1
493,18,1
494,17,1
495,15,1
496,21,2
497,23,2
498,16,1
499,18,1
500,9,1
501,10,1
502,5,1
503,7,1
504,12,1
505,0,0
506,4,1
507,6,1
508,0,0
509,9,1
510,21,1
511,9,1
512,17,1
513,15,1
514,14,1
515,0,0
516,11,1
517,17,1
518,0,0
519,20,1
520,22,1
521,12,1
522,13,1
523,13,1
524,22,1
525,18,2
526,14,1
527,19,2
528,0,0
529,18,1
530,39,2
531,24,1
532,27,1
533,36,2
534,36,2
535,40,4
536,48,4
537,46,2
538,0,0
539,46,2
540,13,1
541,10,1
542,5,1
543,11,1
544,11,1
545,0,0
546,7,1
547,11,1
548,0,0
549,9,1
550,68,3
551,13,1
552,18,1
553,22,1
554,22,1
555,20,2
556,24,1
557,27,3
558,0,0
559,28,1
560,13,1
561,12,1
562,14,1
563,14,1
564,13,1
565,0,0
566,8,1
567,16,1
568,0,0
569,14,1
570,25,1
571,22,1
572,29,1
573,23,2
574,28,1
575,14,1
576,25,3
577,37,2
578,0,0
579,26,1
580,21,2
581,17,1
582,19,1
583,19,1
584,21,1
585,21,2
586,32,3
587,24,3
588,0,0
589,23,1
590,24,2
591,16,1
592,20,1
593,20,1
594,24,1
595,18,2
596,30,2
597,32,2
598,0,0
599,26,2
600,21,1
601,20,1
602,21,1
603,14,1
604,16,1
605,17,2
606,18,1
607,22,2
608,0,0
609,17,1
610,6,1
611,6,1
612,7,1
613,6,1
614,7,1
615,5,1
616,4,1
617,8,1
618,13,1
619,6,1
620,111,6
621,42,2
622,29,2
623,29,2
624,32,2
625,31,3
626,44,1
627,42,3
628,0,0
629,41,3
630,53,1
631,19,1
632,24,2
633,10,1
634,39,2
635,17,1
636,30,2
637,25,2
638,0,0
639,24,2
640,33,2
641,29,2
642,26,1
643,18,1
644,20,1
645,32,3
646,28,2
647,28,2
648,0,0
649,27,2
650,48,3
651,14,1
652,25,1
653,8,1
654,27,1
655,18,2
656,22,1
657,35,2
658,0,0
659,35,2
660,20,1
661,8,1
662,17,1
663,7,1
664,14,1
665,18,2
666,14,1
667,20,2
668,0,0
669,17,1
670,13,1
671,10,1
672,9,1
673,9,1
674,9,1
675,9,1
676,8,1
677,10,1
678,11,1
679,10,1
680,44,2
681,10,1
682,18,1
683,17,2
684,22,1
685,0,0
686,14,1
687,23,1
688,0,0
689,25,3
690,22,2
691,25,2
692,27,2
693,25,1
694,28,2
695,32,2
696,26,2
697,29,2
698,0,0
699,30,2
700,24,1
701,25,2
702,20,1
703,26,1
704,24,1
705,25,2
706,33,2
707,32,3
708,0,0
709,31,1
710,11,1
711,13,1
712,11,1
713,12,1
714,9,1
715,6,1
716,5,1
717,11,1
718,12,1
719,13,1
720,28,1
721,30,2
722,23,1
723,11,1
724,31,2
725,22,1
726,25,1
727,29,2
728,35,2
729,30,1
730,43,2
731,35,2
732,44,3
733,46,2
734,34,3
735,44,4
736,35,2
737,43,3
738,0,0
739,50,2
740,52,2
741,34,2
742,32,2
743,30,2
744,27,2
745,26,2
746,23,1
747,28,2
748,0,0
749,35,3
750,41,2
751,29,1
752,22,1
753,12,1
754,40,2
755,27,2
756,24,1
757,29,2
758,0,0
759,34,2
760,19,1
761,13,1
762,12,1
763,10,1
764,16,1
765,11,1
766,12,1
767,16,1
768,0,0
769,15,1
770,31,2
771,29,2
772,21,1
773,21,1
774,33,1
775,24,2
776,29,1
777,28,1
778,0,0
779,29,4
780,27,2
781,28,2
782,25,2
783,29,2
784,30,3
785,28,2
786,25,2
787,29,3
788,0,0
789,30,3
790,22,2
791,13,1
792,17,2
793,9,1
794,24,2
795,26,2
796,25,4
797,23,2
798,0,0
799,21,1
800,42,1
801,30,1
802,40,1
803,39,1
804,30,2
805,43,4
806,43,2
807,49,3
808,0,0
809,41,2
810,42,1
811,15,1
812,26,2
813,22,1
814,25,1
815,7,1
816,21,1
817,24,2
818,0,0
819,31,2
820,55,4
821,20,1
822,34,2
823,13,1
824,36,2
825,27,3
826,41,1
827,41,4
828,0,0
829,43,5
830,34,3
831,15,1
832,16,1
833,15,1
834,17,1
835,25,2
836,25,1
837,19,1
838,0,0
839,20,1
840,25,2
841,28,3
842,30,2
843,24,3
844,20,1
845,37,3
846,40,2
847,39,2
848,0,0
849,40,4
850,32,2
851,35,2
852,30,1
853,36,2
854,34,1
855,28,2
856,39,2
857,34,2
858,0,0
859,36,2
860,29,1
861,11,1
862,16,1
863,12,1
864,18,1
865,16,1
866,19,1
867,17,1
868,0,0
869,17,2
870,58,2
871,27,1
872,22,1
873,8,1
874,29,2
875,30,2
876,28,1
877,29,1
878,0,0
879,26,1
880,60,2
881,14,1
882,21,1
883,24,2
884,34,2
885,6,1
886,20,1
887,24,2
888,0,0
889,17,2
890,14,1
891,10,1
892,6,1
893,8,1
894,13,1
895,0,0
896,5,1
897,7,1
898,0,0
899,7,1
900,82,3
901,21,1
902,26,1
903,22,1
904,35,2
905,7,1
906,21,1
907,25,2
908,0,0
909,27,2
910,44,3
911,17,1
912,30,2
913,26,1
914,36,5
915,21,3
916,29,2
917,36,2
918,0,0
919,34,4
920,9,1
921,10,1
922,8,1
923,10,1
924,9,1
925,7,1
926,8,1
927,9,1
928,10,1
929,13,3
930,56,1
931,14,1
932,24,2
933,30,2
934,29,2
935,6,1
936,23,1
937,29,3
938,0,0
939,30,2
940,44,1
941,12,1
942,14,1
943,16,1
944,17,2
945,5,1
946,12,1
947,17,2
948,0,0
949,23,1
950,52,3
951,16,1
952,20,1
953,16,1
954,22,1
955,7,1
956,16,1
957,24,2
958,0,0
959,24,2
960,54,3
961,16,1
962,20,1
963,16,1
964,22,1
965,7,1
966,16,1
967,23,2
968,0,0
969,28,2
970,11,1
971,10,1
972,9,1
973,10,1
974,19,1
975,0,0
976,6,1
977,10,1
978,0,0
979,12,1
980,113,5
981,38,2
982,37,2
983,39,3
984,27,2
985,8,1
986,44,1
987,35,3
988,0,0
989,36,4
990,19,1
991,9,1
992,11,1
993,13,1
994,15,1
995,8,1
996,13,1
997,16,1
998,0,0
999,18,1
1000,39,2
1001,35,3
1002,34,2
1003,43,4
1004,35,2
1005,34,3
1006,40,2
1007,46,3
1008,0,0
1009,45,3
1010,16,1
1011,16,1
1012,16,1
1013,15,1
1014,17,1
1015,15,1
1016,16,1
1017,17,1
1018,25,1
1019,16,1
1020,17,2
1021,10,1
1022,9,1
1023,13,1
1024,12,1
1025,0,0
1026,9,1
1027,12,1
1028,0,0
1029,12,1
1030,28,2
1031,44,3
1032,34,2
1033,23,1
1034,34,2
1035,34,3
1036,41,2
1037,48,4
1038,0,0
1039,42,3
1040,9,1
1041,9,1
1042,12,1
1043,7,1
1044,12,1
1045,12,1
1046,9,1
1047,12,1
1048,13,1
1049,8,1
1050,18,1
1051,10,1
1052,13,1
1053,16,1
1054,18,1
1055,7,1
1056,12,1
1057,17,1
1058,0,0
1059,12,1
1060,43,3
1061,22,2
1062,56,2
1063,24,2
1064,27,2
1065,45,4
1066,48,3
1067,34,2
1068,0,0
1069,55,5
1070,58,3
1071,22,2
1072,35,1
1073,31,2
1074,35,2
1075,0,0
1076,39,1
1077,44,3
1078,0,0
1079,39,2
1080,29,1
1081,19,1
1082,21,1
1083,14,1
1084,19,1
1085,19,2
1086,18,3
1087,25,2
1088,0,0
1089,18,1
1090,25,2
1091,23,2
1092,29,1
1093,28,3
1094,33,1
1095,39,3
1096,44,3
1097,21,2
1098,0,0
1099,28,4
1100,11,1
1101,18,2
1102,16,1
1103,17,3
1104,17,1
1105,12,1
1106,15,1
1107,20,2
1108,20,1
1109,20,1
1110,48,1
1111,14,1
1112,34,2
1113,57,3
1114,45,3
1115,0,0
1116,40,1
1117,48,1
1118,0,0
1119,48,4
1120,48,1
1121,14,1
1122,34,2
1123,46,2
1124,39,2
1125,0,0
1126,31,1
1127,38,1
1128,0,0
1129,41,2
1130,12,1
1131,12,1
1132,12,1
1133,12,1
1134,10,1
1135,8,1
1136,9,1
1137,13,1
1138,18,1
1139,11,1
1140,12,1
1141,10,1
1142,9,1
1143,9,1
1144,9,1
1145,7,1
1146,9,1
1147,7,1
1148,14,1
1149,11,1
1150,19,1
1151,10,1
1152,19,1
1153,10,1
1154,19,1
1155,8,1
1156,18,1
1157,19,1
1158,0,0
1159,18,1
1160,73,2
1161,22,1
1162,35,2
1163,13,1
1164,28,2
1165,21,3
1166,26,1
1167,36,4
1168,0,0
1169,44,2
1170,20,1
1171,18,2
1172,15,1
1173,16,2
1174,14,1
1175,12,2
1176,18,1
1177,22,1
1178,0,0
1179,25,3
1180,19,1
1181,19,1
1182,19,1
1183,25,2
1184,19,1
1185,16,1
1186,19,1
1187,20,1
1188,22,1
1189,19,1
1190,22,1
1191,22,1
1192,17,1
1193,16,1
1194,31,2
1195,16,1
1196,18,1
1197,18,1
1198,19,1
1199,23,1
1200,27,1
1201,30,1
1202,28,1
1203,40,2
1204,32,2
1205,27,1
1206,33,2
1207,30,1
1208,29,1
1209,35,2
1210,17,1
1211,20,1
1212,18,1
1213,20,1
1214,13,1
1215,17,1
1216,23,2
1217,19,1
1218,0,0
1219,15,1
1220,57,3
1221,20,1
1222,20,1
1223,11,1
1224,13,1
1225,22,3
1226,23,1
1227,23,3
1228,0,0
1229,21,1
1230,29,2
1231,25,2
1232,23,2
1233,22,1
1234,25,2
1235,31,4
1236,33,4
1237,37,3
1238,0,0
1239,27,2
1240,18,1
1241,19,1
1242,17,1
1243,23,1
1244,18,1
1245,18,1
1246,18,1
1247,21,1
1248,24,1
1249,19,1
1250,19,1
1251,17,1
1252,17,1
1253,17,1
1254,14,1
1255,13,1
1256,17,1
1257,26,2
1258,22,1
1259,16,1
1260,32,2
1261,34,2
1262,28,1
1263,26,2
1264,26,1
1265,28,2
1266,35,2
1267,43,2
1268,0,0
1269,33,2
1270,14,1
1271,9,1
1272,13,1
1273,22,2
1274,22,2
1275,0,0
1276,9,1
1277,19,1
1278,0,0
1279,20,2
1280,37,2
1281,41,2
1282,37,2
1283,35,3
1284,26,1
1285,51,4
1286,52,4
1287,52,3
1288,0,0
1289,37,4
1290,11,1
1291,10,1
1292,11,1
1293,10,1
1294,11,1
1295,8,1
1296,7,1
1297,13,1
1298,18,1
1299,13,1
1300,36,2
1301,45,2
1302,45,1
1303,47,3
1304,44,4
1305,39,5
1306,40,3
1307,50,4
1308,0,0
1309,47,2
1310,23,1
1311,29,2
1312,24,1
1313,24,2
1314,26,2
1315,25,2
1316,31,3
1317,35,3
1318,0,0
1319,28,1
1320,40,1
1321,35,2
1322,44,1
1323,47,2
1324,35,2
1325,37,4
1326,42,4
1327,49,4
1328,0,0
1329,51,2
1330,24,2
1331,32,1
1332,25,1
1333,20,1
1334,24,2
1335,23,3
1336,25,2
1337,27,1
1338,0,0
1339,25,1
1340,8,1
1341,8,1
1342,8,1
1343,8,1
1344,8,1
1345,7,1
1346,3,1
1347,8,1
1348,13,1
1349,7,1
1350,26,2
1351,20,1
1352,22,1
1353,15,1
1354,27,1
1355,23,2
1356,14,1
1357,27,2
1358,0,0
1359,27,1
1360,10,1
1361,14,1
1362,10,1
1363,8,1
1364,10,1
1365,7,1
1366,8,1
1367,11,1
1368,0,0
1369,14,1
1370,13,1
1371,13,1
1372,13,1
1373,13,1
1374,16,1
1375,7,1
1376,14,1
1377,12,1
1378,19,1
1379,17,1
1380,26,2
1381,24,1
1382,23,1
1383,24,1
1384,13,1
1385,17,2
1386,23,2
1387,24,1
1388,0,0
1389,24,1
1390,10,1
1391,16,1
1392,10,1
1393,11,1
1394,11,1
1395,7,1
1396,11,2
1397,10,1
1398,12,1
1399,12,1
1400,31,1
1401,16,1
1402,16,1
1403,25,1
1404,30,2
1405,12,2
1406,22,1
1407,25,2
1408,0,0
1409,23,2
1410,57,2
1411,58,2
1412,47,2
1413,54,2
1414,85,2
1415,36,2
1416,58,2
1417,61,2
1418,0,0
1419,59,2
1420,15,1
1421,17,1
1422,14,1
1423,25,1
1424,16,1
1425,14,1
1426,12,1
1427,22,2
1428,15,1
1429,17,1
1430,10,1
1431,7,1
1432,7,1
1433,8,1
1434,7,1
1435,4,1
1436,7,1
1437,8,1
1438,16,1
1439,10,1
1440,16,1
1441,12,1
1442,16,1
1443,12,1
1444,16,1
1445,6,1
1446,13,1
1447,18,1
1448,0,0
1449,17,2
1450,32,1
1451,21,1
1452,47,1
1453,43,1
1454,50,1
1455,45,1
1456,48,2
1457,50,1
1458,56,1
1459,48,1
1460,25,1
1461,25,1
1462,29,2
1463,16,1
1464,33,2
1465,26,2
1466,32,3
1467,33,3
1468,0,0
1469,33,2
1470,10,1
1471,10,1
1472,13,1
1473,12,1
1474,10,1
1475,9,1
1476,6,1
1477,9,1
1478,0,0
1479,11,1
1480,27,3
1481,18,2
1482,22,2
1483,32,2
1484,14,1
1485,31,3
1486,29,3
1487,36,4
1488,0,0
1489,27,1
1490,8,1
1491,8,1
1492,12,1
1493,9,1
1494,8,1
1495,5,1
1496,8,1
1497,6,1
1498,12,1
1499,9,1
1500,14,1
1501,13,1
1502,18,1
1503,16,1
1504,16,1
1505,7,1
1506,13,2
1507,14,1
1508,17,1
1509,14,1
1510,24,2
1511,19,1
1512,22,1
1513,22,1
1514,26,2
1515,21,1
1516,22,3
1517,22,2
1518,0,0
1519,25,1
1520,19,2
1521,16,2
1522,16,1
1523,9,1
1524,28,1
1525,11,2
1526,19,2
1527,18,2
1528,0,0
1529,18,1
1530,8,1
1531,7,1
1532,7,1
1533,6,1
1534,8,1
1535,5,1
1536,7,1
1537,6,1
1538,9,1
1539,9,1
1540,22,1
1541,21,1
1542,20,1
1543,22,1
1544,23,1
1545,13,1
1546,18,2
1547,20,2
1548,0,0
1549,18,1
1550,21,1
1551,27,1
1552,20,1
1553,22,1
1554,23,1
1555,13,1
1556,20,1
1557,20,2
1558,0,0
1559,27,1
1560,25,1
1561,20,1
1562,20,1
1563,32,1
1564,27,2
1565,20,1
1566,22,2
1567,27,2
1568,0,0
1569,28,1
1570,32,2
1571,30,2
1572,29,2
1573,16,1
1574,31,2
1575,30,3
1576,33,2
1577,30,4
1578,0,0
1579,33,2
1580,14,1
1581,14,1
1582,20,1
1583,17,1
1584,15,1
1585,18,2
1586,21,1
1587,27,2
1588,0,0
1589,17,1
1590,20,1
1591,16,1
1592,29,1
1593,25,1
1594,29,1
1595,27,2
1596,33,2
1597,32,2
1598,0,0
1599,25,1
1600,9,1
1601,9,1
1602,9,1
1603,9,1
1604,9,1
1605,7,1
1606,6,1
1607,7,1
1608,10,1
1609,7,1
1610,6,1
1611,8,1
1612,7,1
1613,9,1
1614,7,1
1615,0,0
1616,4,1
1617,9,1
1618,0,0
1619,7,1
1620,90,4
1621,31,1
1622,34,2
1623,17,1
1624,27,3
1625,33,3
1626,40,1
1627,40,2
1628,0,0
1629,40,5
1630,35,1
1631,17,1
1632,15,1
1633,9,1
1634,19,1
1635,11,2
1636,19,2
1637,18,1
1638,0,0
1639,13,2
1640,72,2
1641,31,2
1642,29,2
1643,34,2
1644,49,1
1645,32,2
1646,37,1
1647,37,3
1648,0,0
1649,46,6
1650,40,2
1651,28,2
1652,23,1
1653,12,1
1654,20,1
1655,19,3
1656,21,1
1657,21,2
1658,0,0
1659,24,1
1660,8,1
1661,8,1
1662,4,1
1663,8,1
1664,9,1
1665,5,1
1666,5,1
1667,5,1
1668,11,1
1669,5,1
1670,35,2
1671,30,1
1672,29,2
1673,36,2
1674,27,1
1675,32,2
1676,33,2
1677,41,3
1678,0,0
1679,41,3
1680,39,2
1681,34,2
1682,35,2
1683,38,2
1684,47,4
1685,37,3
1686,36,2
1687,50,4
1688,0,0
1689,40,2
1690,11,1
1691,10,1
1692,10,1
1693,10,1
1694,10,1
1695,9,1
1696,12,1
1697,5,1
1698,16,1
1699,14,1
1700,31,2
1701,22,1
1702,31,2
1703,22,1
1704,28,1
1705,21,3
1706,32,4
1707,35,2
1708,0,0
1709,26,3
1710,20,1
1711,20,1
1712,17,1
1713,16,1
1714,19,1
1715,18,2
1716,25,3
1717,22,2
1718,0,0
1719,21,1
1720,24,2
1721,28,1
1722,24,1
1723,24,1
1724,21,1
1725,23,2
1726,24,1
1727,27,2
1728,0,0
1729,26,1
1730,9,1
1731,6,1
1732,6,1
1733,6,1
1734,8,1
1735,8,1
1736,6,1
1737,9,1
1738,7,1
1739,9,1
1740,23,1
1741,9,1
1742,9,1
1743,13,1
1744,13,1
1745,20,2
1746,18,2
1747,20,2
1748,0,0
1749,23,2
1750,32,2
1751,38,3
1752,49,2
1753,27,2
1754,41,3
1755,35,3
1756,35,3
1757,52,3
1758,0,0
1759,34,2
1760,38,2
1761,30,1
1762,39,2
1763,41,2
1764,44,2
1765,37,4
1766,39,3
1767,53,3
1768,0,0
1769,36,2
1770,28,1
1771,8,1
1772,12,1
1773,8,1
1774,17,1
1775,12,1
1776,12,1
1777,16,1
1778,0,0
1779,12,1
1780,64,4
1781,29,1
1782,36,2
1783,20,2
1784,36,2
1785,32,3
1786,31,1
1787,38,3
1788,0,0
1789,33,1
1790,12,1
1791,7,1
1792,9,1
1793,7,1
1794,8,1
1795,5,1
1796,5,1
1797,6,1
1798,9,1
1799,8,1
1800,30,3
1801,31,3
1802,32,2
1803,35,3
1804,25,2
1805,34,4
1806,41,4
1807,29,3
1808,0,0
1809,30,3
1810,7,1
1811,7,1
1812,7,1
1813,7,1
1814,7,1
1815,6,1
1816,7,2
1817,8,1
1818,0,0
1819,9,1
1820,22,1
1821,26,2
1822,25,2
1823,26,2
1824,19,2
1825,22,2
1826,23,2
1827,28,3
1828,0,0
1829,26,1
1830,27,2
1831,26,2
1832,25,2
1833,25,2
1834,26,2
1835,22,2
1836,25,2
1837,28,2
1838,0,0
1839,28,2
1840,34,2
1841,34,2
1842,38,2
1843,37,2
1844,33,2
1845,32,2
1846,28,2
1847,35,4
1848,0,0
1849,36,5
1850,13,1
1851,9,1
1852,13,1
1853,12,1
1854,11,1
1855,0,0
1856,8,1
1857,11,1
1858,0,0
1859,12,1
1860,16,1
1861,9,1
1862,10,1
1863,17,1
1864,16,1
1865,12,1
1866,7,1
1867,8,1
1868,15,1
1869,16,1
1870,8,1
1871,6,1
1872,6,1
1873,11,1
1874,5,1
1875,5,1
1876,3,1
1877,6,1
1878,11,1
1879,8,1
1880,10,1
1881,12,1
1882,9,1
1883,9,1
1884,11,1
1885,0,0
1886,9,2
1887,12,1
1888,0,0
1889,10,1
1890,23,3
1891,20,2
1892,26,1
1893,24,3
1894,22,2
1895,22,1
1896,23,2
1897,22,2
1898,0,0
1899,24,2
1900,13,1
1901,13,1
1902,17,1
1903,14,1
1904,13,1
1905,15,2
1906,18,2
1907,15,1
1908,0,0
1909,12,1
1910,26,3
1911,31,2
1912,21,1
1913,25,1
1914,24,2
1915,15,2
1916,20,2
1917,27,2
1918,0,0
1919,25,3
1920,41,2
1921,35,2
1922,34,2
1923,28,1
1924,39,2
1925,38,3
1926,30,2
1927,45,3
1928,0,0
1929,36,1
1930,30,2
1931,23,2
1932,26,1
1933,17,1
1934,18,1
1935,24,2
1936,29,2
1937,29,2
1938,0,0
1939,21,3
1940,9,1
1941,9,1
1942,9,1
1943,7,1
1944,9,1
1945,8,1
1946,8,1
1947,9,1
1948,15,1
1949,10,1
1950,11,1
1951,11,1
1952,9,1
1953,18,1
1954,10,1
1955,8,1
1956,8,1
1957,10,1
1958,14,1
1959,11,1
1960,37,2
1961,31,2
1962,27,2
1963,36,2
1964,35,3
1965,24,1
1966,33,3
1967,27,1
1968,35,3
1969,30,3
1970,20,1
1971,34,2
1972,24,2
1973,21,1
1974,25,2
1975,27,2
1976,24,2
1977,40,4
1978,28,2
1979,35,3
1980,21,2
1981,20,1
1982,20,2
1983,21,2
1984,27,2
1985,17,2
1986,20,3
1987,31,3
1988,0,0
1989,19,2
1990,87,3
1991,23,1
1992,35,3
1993,43,3
1994,44,2
1995,10,1
1996,34,1
1997,33,4
1998,0,0
1999,41,2
2000,7,1
2001,7,1
2002,7,1
2003,7,1
2004,7,1
2005,4,1
2006,4,1
2007,7,1
2008,9,1
2009,7,1
2010,30,1
2011,24,1
2012,24,1
2013,26,1
2014,34,2
2015,33,2
2016,41,3
2017,31,2
2018,0,0
2019,27,2
2020,54,3
2021,47,2
2022,39,2
2023,35,3
2024,40,2
2025,46,4
2026,57,5
2027,47,3
2028,0,0
2029,39,3
2030,28,1
2031,20,1
2032,22,1
2033,23,1
2034,19,1
2035,19,1
2036,45,2
2037,21,1
2038,0,0
2039,23,2
2040,31,2
2041,26,2
2042,32,2
2043,36,2
2044,35,3
2045,30,3
2046,25,3
2047,35,3
2048,0,0
2049,34,2
2050,11,1
2051,12,1
2052,14,2
2053,11,1
2054,11,1
2055,10,1
2056,11,1
2057,12,2
2058,17,1
2059,15,3
2060,20,2
2061,15,1
2062,15,1
2063,16,1
2064,17,1
2065,23,2
2066,24,2
2067,15,2
2068,0,0
2069,19,1
2070,24,1
2071,22,1
2072,28,1
2073,24,1
2074,21,1
2075,20,2
2076,21,1
2077,31,3
2078,0,0
2079,23,2
2080,27,1
2081,31,2
2082,27,1
2083,15,1
2084,42,3
2085,34,3
2086,29,2
2087,42,4
2088,0,0
2089,38,3
2090,78,3
2091,30,2
2092,32,2
2093,37,3
2094,27,3
2095,8,1
2096,31,1
2097,34,3
2098,0,0
2099,32,2
2100,10,1
2101,6,1
2102,6,1
2103,10,1
2104,11,1
2105,7,1
2106,8,1
2107,8,1
2108,13,1
2109,10,1
2110,16,1
2111,18,1
2112,18,1
2113,12,1
2114,17,1
2115,14,2
2116,16,1
2117,20,1
2118,0,0
2119,21,3
2120,10,1
2121,11,1
2122,10,1
2123,11,1
2124,10,1
2125,7,1
2126,7,1
2127,11,1
2128,15,1
2129,11,1
2130,44,2
2131,34,2
2132,34,1
2133,30,1
2134,23,1
2135,28,2
2136,39,3
2137,40,2
2138,0,0
2139,39,2
2140,10,1
2141,15,1
2142,14,1
2143,15,1
2144,10,1
2145,7,1
2146,8,1
2147,15,1
2148,0,0
2149,13,1
2150,35,2
2151,24,1
2152,22,1
2153,18,1
2154,21,1
2155,16,1
2156,24,2
2157,28,2
2158,32,2
2159,24,1
2160,50,3
2161,40,2
2162,34,2
2163,36,2
2164,45,3
2165,29,2
2166,45,3
2167,45,4
2168,0,0
2169,36,2
2170,24,1
2171,36,2
2172,32,1
2173,42,2
2174,31,2
2175,20,2
2176,25,2
2177,41,3
2178,0,0
2179,30,2
2180,37,1
2181,37,2
2182,36,1
2183,37,1
2184,16,1
2185,35,3
2186,43,3
2187,50,4
2188,0,0
2189,48,4
2190,15,1
2191,13,1
2192,14,1
2193,16,1
2194,12,1
2195,10,1
2196,10,1
2197,15,1
2198,18,1
2199,11,1
2200,14,1
2201,13,1
2202,12,1
2203,13,1
2204,12,1
2205,11,1
2206,11,1
2207,11,1
2208,16,1
2209,15,1
2210,17,1
2211,17,1
2212,18,1
2213,17,1
2214,17,1
2215,19,2
2216,16,1
2217,9,1
2218,0,0
2219,14,1
2220,16,3
2221,7,1
2222,13,2
2223,7,1
2224,14,1
2225,11,1
2226,17,3
2227,16,1
2228,0,0
2229,21,3
